"STT","Tên bài viết","Trạng thái","Link URL","Ghi chú"
"1","Happy Land Bến Lức: Current Status, Ticketing & 2026 Travel Updates","Đã hoàn thành","https://thericetour.com/happy-land-ben-luc-travel-guide","Đã deploy lên Production D1"
"2","The Ultimate Nam Du Expedition: Logistics, Itineraries & 2026 Travel Field Notes","Đã hoàn thành","https://thericetour.com/nam-du-island-expedition-guide","Đã deploy lên Production D1"
"3","The 24 Signature Fruits of the Mekong Delta: 2026 Harvest Map & Orchard Guide","Đã hoàn thành","https://thericetour.com/mekong-delta-fruits-harvest-map","Đã deploy lên Production D1"
"4","Truong Tien Bridge (Hue): Architectural Legacy & 2026 Maintenance Guide","Đã hoàn thành","https://thericetour.com/truong-tien-bridge-hue-heritage","Đã deploy lên Production D1"
"5","My Quynh Safari (2026): The Definitive Guide to the Zoo & Water Park","Đã hoàn thành","https://thericetour.com/my-quynh-safari-definitive-guide","Đã deploy lên Production D1"
"6","The Mekong Khăn Rằn: Unweaving a 300-Year Legacy of the Southern Delta","Đã hoàn thành","https://thericetour.com/mekong-khan-ran-scarf-legacy","Đã deploy lên Production D1"
"7","Huynh Thuy Le Ancient House: Architectural Heritage & The Muse of 'The Lover' (2026 Update)","Đã hoàn thành","https://thericetour.com/huynh-thuy-le-ancient-house","Đã deploy lên Production D1"
"8","Lan Vuong Eco-Park (2026): A Visceral Dive into Mekong Mud & Team Dynamics","Đã hoàn thành","https://thericetour.com/lan-vuong-ecopark-mekong-mud","Đã deploy lên Production D1"
"9","The 2026 Hon Son Lodging Matrix: 7 Bespoke Coastal Sanctuaries","Đã hoàn thành","https://thericetour.com/hon-son-island-lodging-homestays","Đã deploy lên Production D1"
"10","Can Tho Beach: An Artificial Oasis Beneath the Cable-Stayed Giant (2026 Update)","Đã hoàn thành","https://thericetour.com/can-tho-beach-artificial-oasis","Đã deploy lên Production D1"
"11","Buu Long Tourist Area: The Miniature Ha Long Bay of Dong Nai (2026 Guide)","Đã hoàn thành","https://thericetour.com/buu-long-tourist-area-dong-nai","Đã deploy lên Production D1"
"12","Da Lat Specialties: The Definitive Highland Culinary Guide (2026)","Đã hoàn thành","https://thericetour.com/da-lat-specialties","Đã deploy lên Production D1"
"13","Sau Hoai Rice Noodle Oven: The Heritage of Can Tho's 'Pizza Hu Tieu' (2026)","Đã hoàn thành","https://thericetour.com/sau-hoai-rice-noodle-oven","Đã deploy lên Production D1"
"14","Banh Mi Hoi An: The Definitive Artisan Bread Guide (2026)","Đã hoàn thành","https://thericetour.com/hoi-an-banh-mi-guide","Đã deploy lên Production D1"
"15","Long Xuyen Broken Rice: The Unsung Masterpiece of An Giang (2026)","Đã hoàn thành","https://thericetour.com/long-xuyen-broken-rice-guide","Đã deploy lên Production D1"
"16","Can Tho Fermented Fish Hotpot: The Ultimate 'Lau Mam' Guide (2026)","Đã hoàn thành","https://thericetour.com/can-tho-fermented-hotpot","Đã deploy lên Production D1"
"17","Ba Chua Xu Temple: The Spiritual Epicenter of the Mekong Delta (2026)","Đã hoàn thành","https://thericetour.com/ba-chua-xu-temple-an-giang","Đã deploy lên Production D1"
"18","Can Tho Hotels: The 2026 Curated Lodging Matrix","Đã hoàn thành","https://thericetour.com/can-tho-hotels-guide","Đã deploy lên Production D1"
"19","Sa Dec Flower Village: The Botanical Matrix of the Mekong (2026)","Đã hoàn thành","https://thericetour.com/sa-dec-flower-village","Đã deploy lên Production D1"
"20","Can Tho Markets: The 2026 Definitive Commercial Matrix","Đã hoàn thành","https://thericetour.com/can-tho-markets-guide","Đã deploy lên Production D1"
"21","021_chua-som-rong-soc-trang.md","Đã hoàn thành","https://thericetour.com/chua-som-rong-soc-trang","Đã deploy lên Production D1"
"22","022_nha-hat-cao-van-lau.md","Đã hoàn thành","https://thericetour.com/nha-hat-cao-van-lau","Đã deploy lên Production D1"
"23","023_cho-noi-cai-rang-can-tho.md","Đã hoàn thành","https://thericetour.com/cho-noi-cai-rang-can-tho","Đã deploy lên Production D1"
"24","024_mercury-phu-quoc-resort-villas.md","Đã hoàn thành","https://thericetour.com/mercury-phu-quoc-resort-villas","Đã deploy lên Production D1"
"25","025_tong-hop-dich-vu-tai-nu-cuoi-me-kong.md","Đã hoàn thành","https://thericetour.com/tong-hop-dich-vu-tai-nu-cuoi-me-kong","Đã deploy lên Production D1"
"26","026_dinh-cau-phu-quoc.md","Đã hoàn thành","https://thericetour.com/dinh-cau-phu-quoc","Đã deploy lên Production D1"
"27","027_dac-san-bun-nuoc-leo-soc-trang.md","Đã hoàn thành","https://thericetour.com/dac-san-bun-nuoc-leo-soc-trang","Đã deploy lên Production D1"
"28","028_chua-doi-soc-trang.md","Đã hoàn thành","https://thericetour.com/chua-doi-soc-trang","Đã deploy lên Production D1"
"29","029_canh-dong-dien-gio-bac-lieu.md","Đã hoàn thành","https://thericetour.com/canh-dong-dien-gio-bac-lieu","Đã deploy lên Production D1"
"30","030_tau-truong-tuyen.md","Đã hoàn thành","https://thericetour.com/tau-truong-tuyen","Đã deploy lên Production D1"
